{
  "respCode": "1",
  "data": [{
    "answer": "a",
    "gradeId": 0,
    "pointId": 0,
    "questionId": 1,
    "questionstem": "填空填空填空填空填空填空填空填空填空填空填空填空填空填空填空填空填空填空填空填空题干？",
    "type": 1
  }, {
    "answer": "b",
    "gradeId": 0,
    "pointId": 0,
    "questionId": 2,
    "questionstem": "填空填空填空填空填空填空填空填空填空填空填空填空填空填空填空填空的飞洒发斯蒂芬啊大丰收sad",
    "type": 1
  }, {
    "answer": "c",
    "gradeId": 0,
    "pointId": 0,
    "questionId": 3,
    "questionstem": "简答简答简答简答简答简答简答简答简答简答简答简答简答简答的飞洒发斯蒂芬啊大丰收sad",
    "type": 5
  }, {
    "answer": "d",
    "gradeId": 0,
    "pointId": 0,
    "questionId": 4,
    "questionstem": "dfja简答简答简答简答简答简答简答简答简答slkfjalksdjflkasjti题干？",
    "type": 5
  }, {
    "answer": "e",
    "gradeId": 0,
    "pointId": 0,
    "questionId": 5,
    "questionstem": "的飞洒发斯简答简答简答简答简答简答简答简答简答简答简答简答蒂芬啊大丰收sad",
    "type": 5
  }, {
    "answer": "f",
    "gradeId": 0,
    "pointId": 0,
    "questionId": 6,
    "questionstem": "程序题的飞程序题程序题程序题程序题程序题程序题程序题程序题程序题程序题程序题程序题洒发斯蒂芬啊大丰收sad",
    "type": 6
  }, {
    "answer": "g",
    "gradeId": 0,
    "pointId": 0,
    "questionId": 7,
    "questionstem": "dfjaslkfjalksdjf程序题程序题程序题程序题程序题程序题程序题程序题程序题程序题程序题lkasjti题干？",
    "type": 6
  }, {
    "answer": "h",
    "gradeId": 0,
    "pointId": 0,
    "questionId": 8,
    "questionstem": "填空填空填空填空填空填空填空填空填空填空填空填空填空填空填空填空填空填空填空填空填空填空填空填空的飞洒发斯蒂芬啊大丰收sad",
    "type": 1
  }]
}
