{
  "respCode" : "1",
  "data": [{
    "classId": 1,
    "className": "西脱1711",
    "status": 1,
    "subjectId": 2
  },{
    "classId": 2,
    "className": "涉外1709",
    "status": 0,
    "subjectId": 1
  },{
    "classId": 3,
    "className": "西脱1711",
    "status": 1,
    "subjectId": 1
  },{
    "classId": 4,
    "className": "西脱1711",
    "status": 1,
    "subjectId": 1
  },{
    "classId": 5,
    "className": "西脱1711",
    "status": 1,
    "subjectId": 1
  },{
    "classId": 6,
    "className": "西脱1711",
    "status": 1,
    "subjectId": 1
  },{
    "classId": 7,
    "className": "西脱1711",
    "status": 1,
    "subjectId": 1
  },{
    "classId": 8,
    "className": "西脱1711",
    "status": 1,
    "subjectId": 1
  },{
    "classId": 9,
    "className": "西脱1711",
    "status": 1,
    "subjectId": 1
  },{
    "classId": 10,
    "className": "西脱1711",
    "status": 1,
    "subjectId": 1
  }],
  "total": 55
}
