{
  "respCode" : "1",
  "data": [{
    "gradeId": "2",
    "pointId": 1,
    "pointName": "js基础",
    "subjectId": "1"
  }, {
    "gradeId": "2",
    "pointId": 2,
    "pointName": "html",
    "subjectId": "1"
  },{
    "gradeId": "2",
    "pointId": 3,
    "pointName": "css",
    "subjectId": "1"
  },{
    "gradeId": "2",
    "pointId": 4,
    "pointName": "js面向对象",
    "subjectId": "1"
  },{
    "gradeId": "2",
    "pointId": 5,
    "pointName": "Vue",
    "subjectId": "1"
  },{
    "gradeId": "2",
    "pointId": 6,
    "pointName": "Angular",
    "subjectId": "1"
  }]
}
