{
  "data": [{
    "autoTotalScore": 0,
    "classId": 0,
    "className": "西脱1711",
    "examName": "java中级考试",
    "instId": 0,
    "managerId": 0,
    "paperId": 0,
    "status": 0,
    "stuId": 2,
    "stuName": "张三",
    "totalscore": 50
  },{
    "autoTotalScore": 0,
    "classId": 0,
    "className": "西脱1711",
    "examName": "java中级考试",
    "instId": 0,
    "managerId": 0,
    "paperId": 0,
    "status": 0,
    "stuId": 3,
    "stuName": "李四",
    "totalscore": 50
  }],
  "respCode": "1",
  "total": 20
}
