{
  "respCode" : "1",
  "data": [{
    "classId": 1,
    "className": "web1707",
    "status": 1,
    "subjectId": 1
  },{
    "classId": 2,
    "className": "web1707",
    "status": 1,
    "subjectId": 1
  },{
    "classId": 3,
    "className": "web1707",
    "status": 1,
    "subjectId": 1
  },{
    "classId": 4,
    "className": "web1707",
    "status": 1,
    "subjectId": 1
  },{
    "classId": 5,
    "className": "web1707",
    "status": 1,
    "subjectId": 1
  },{
    "classId": 6,
    "className": "web1707",
    "status": 1,
    "subjectId": 1
  },{
    "classId": 7,
    "className": "web1707",
    "status": 1,
    "subjectId": 1
  },{
    "classId": 8,
    "className": "web1707",
    "status": 1,
    "subjectId": 1
  },{
    "classId": 9,
    "className": "web1707",
    "status": 1,
    "subjectId": 1
  },{
    "classId": 10,
    "className": "web1707",
    "status": 1,
    "subjectId": 1
  }],
  "total": 30
}
